{
  "condition": "C9_zero_priors",
  "seed": 2022,
  "domain": "Agriculture",
  "pred_len": 8,
  "seq_len": 192,
  "gradnorm_mean": 0.5135256039599577,
  "gradnorm_std": 0.6903156381110394,
  "gradnorm_n": 3,
  "attn_entropy_rel_mean": 0.9665005604426066,
  "attn_max_weight_mean": 0.17502530912558237,
  "attn_n_batches": 3,
  "divergence_mean_sq": 0.023253899067640305,
  "divergence_max_sq": 0.07199597358703613,
  "divergence_n_samples": 10
}