{
  "condition": "C9_zero_priors",
  "seed": 2022,
  "domain": "Economy",
  "pred_len": 8,
  "seq_len": 192,
  "gradnorm_mean": 0.7483417391777039,
  "gradnorm_std": 0.6042796155315258,
  "gradnorm_n": 3,
  "attn_entropy_rel_mean": 0.9657291372617086,
  "attn_max_weight_mean": 0.17475142578283945,
  "attn_n_batches": 3,
  "divergence_mean_sq": 0.05740676447749138,
  "divergence_max_sq": 0.15739598870277405,
  "divergence_n_samples": 10
}