{
  "condition": "C9_zero_priors",
  "seed": 2022,
  "domain": "Health",
  "pred_len": 8,
  "seq_len": 96,
  "gradnorm_mean": 0.04098077149440845,
  "gradnorm_std": 0.04304935119431353,
  "gradnorm_n": 3,
  "attn_entropy_rel_mean": 0.9730964501698812,
  "attn_max_weight_mean": 0.1635147531827291,
  "attn_n_batches": 3,
  "divergence_mean_sq": 0.020256420597434044,
  "divergence_max_sq": 0.06380628049373627,
  "divergence_n_samples": 10
}