{
  "condition": "C8_oracle",
  "seed": 2021,
  "domain": "Energy",
  "pred_len": 8,
  "seq_len": 1056,
  "gradnorm_mean": 0.3225139720986287,
  "gradnorm_std": 0.5153109867370793,
  "gradnorm_n": 3,
  "attn_entropy_rel_mean": 0.9662105043729147,
  "attn_max_weight_mean": 0.16906900703907013,
  "attn_n_batches": 3,
  "divergence_mean_sq": 0.3298870623111725,
  "divergence_max_sq": 2.896333694458008,
  "divergence_n_samples": 10
}