{
  "condition": "C8_oracle",
  "seed": 2021,
  "domain": "Health",
  "pred_len": 8,
  "seq_len": 96,
  "gradnorm_mean": 0.04998898496463274,
  "gradnorm_std": 0.08323776382532494,
  "gradnorm_n": 3,
  "attn_entropy_rel_mean": 0.9738767147064209,
  "attn_max_weight_mean": 0.1626071035861969,
  "attn_n_batches": 3,
  "divergence_mean_sq": 0.04127991944551468,
  "divergence_max_sq": 0.13406634330749512,
  "divergence_n_samples": 10
}