{
  "condition": "C2_empty",
  "seed": 2023,
  "domain": "Energy",
  "pred_len": 8,
  "seq_len": 1056,
  "gradnorm_mean": 0.015881109982728958,
  "gradnorm_std": 0.013567876768914014,
  "gradnorm_n": 3,
  "attn_entropy_rel_mean": 0.9644551078478495,
  "attn_max_weight_mean": 0.17102698485056558,
  "attn_n_batches": 3,
  "divergence_mean_sq": 0.03883795067667961,
  "divergence_max_sq": 0.1074446365237236,
  "divergence_n_samples": 10
}