{
  "condition": "C2_empty",
  "seed": 2023,
  "domain": "Environment",
  "pred_len": 8,
  "seq_len": 528,
  "gradnorm_mean": 0.005027830833569169,
  "gradnorm_std": 0.0030655687312207526,
  "gradnorm_n": 3,
  "attn_entropy_rel_mean": 0.9826613267262777,
  "attn_max_weight_mean": 0.15106522540251413,
  "attn_n_batches": 3,
  "divergence_mean_sq": 0.006946283858269453,
  "divergence_max_sq": 0.02009771578013897,
  "divergence_n_samples": 10
}