{
  "condition": "C2_empty",
  "seed": 2023,
  "domain": "SocialGood",
  "pred_len": 8,
  "seq_len": 192,
  "gradnorm_mean": 0.03373555652797222,
  "gradnorm_std": 0.013364765291835971,
  "gradnorm_n": 3,
  "attn_entropy_rel_mean": 0.9684383074442545,
  "attn_max_weight_mean": 0.16382731000582376,
  "attn_n_batches": 3,
  "divergence_mean_sq": 0.02852335013449192,
  "divergence_max_sq": 0.06395280361175537,
  "divergence_n_samples": 10
}