{
  "condition": "C8_oracle",
  "seed": 2023,
  "domain": "Agriculture",
  "pred_len": 8,
  "seq_len": 192,
  "gradnorm_mean": 0.19566031297047934,
  "gradnorm_std": 0.03597736584156356,
  "gradnorm_n": 3,
  "attn_entropy_rel_mean": 0.9665307998657227,
  "attn_max_weight_mean": 0.17500634988149008,
  "attn_n_batches": 3,
  "divergence_mean_sq": 0.024300159886479378,
  "divergence_max_sq": 0.0650479644536972,
  "divergence_n_samples": 10
}