{
  "condition": "C8_oracle",
  "seed": 2023,
  "domain": "Climate",
  "pred_len": 8,
  "seq_len": 192,
  "gradnorm_mean": 0.010230657271070717,
  "gradnorm_std": 0.009238799688698358,
  "gradnorm_n": 3,
  "attn_entropy_rel_mean": 0.9875419934590658,
  "attn_max_weight_mean": 0.14239576955636343,
  "attn_n_batches": 3,
  "divergence_mean_sq": 0.021373828873038292,
  "divergence_max_sq": 0.041033580899238586,
  "divergence_n_samples": 10
}