{
  "condition": "C8_oracle",
  "seed": 2023,
  "domain": "Economy",
  "pred_len": 8,
  "seq_len": 192,
  "gradnorm_mean": 0.5189257053037485,
  "gradnorm_std": 0.41735583526443226,
  "gradnorm_n": 3,
  "attn_entropy_rel_mean": 0.9664628505706787,
  "attn_max_weight_mean": 0.17363150914510092,
  "attn_n_batches": 3,
  "divergence_mean_sq": 0.031240029260516167,
  "divergence_max_sq": 0.07316030561923981,
  "divergence_n_samples": 10
}