{
  "condition": "C8_oracle",
  "seed": 2023,
  "domain": "Energy",
  "pred_len": 8,
  "seq_len": 1056,
  "gradnorm_mean": 0.05657093320041895,
  "gradnorm_std": 0.05197478627796907,
  "gradnorm_n": 3,
  "attn_entropy_rel_mean": 0.9658839503924052,
  "attn_max_weight_mean": 0.16932361324628195,
  "attn_n_batches": 3,
  "divergence_mean_sq": 0.06221848726272583,
  "divergence_max_sq": 0.1937607228755951,
  "divergence_n_samples": 10
}