{
  "condition": "C8_oracle",
  "seed": 2023,
  "domain": "Security",
  "pred_len": 8,
  "seq_len": 220,
  "gradnorm_mean": 0.16869830836852392,
  "gradnorm_std": 0.18664292288633808,
  "gradnorm_n": 3,
  "attn_entropy_rel_mean": 0.9825435082117716,
  "attn_max_weight_mean": 0.1467065711816152,
  "attn_n_batches": 3,
  "divergence_mean_sq": 0.060432661324739456,
  "divergence_max_sq": 0.10141386091709137,
  "divergence_n_samples": 10
}