{
  "condition": "C8_oracle",
  "seed": 2023,
  "domain": "SocialGood",
  "pred_len": 8,
  "seq_len": 192,
  "gradnorm_mean": 0.019063030369579792,
  "gradnorm_std": 0.013299293054056763,
  "gradnorm_n": 3,
  "attn_entropy_rel_mean": 0.9693705836931864,
  "attn_max_weight_mean": 0.162820503115654,
  "attn_n_batches": 3,
  "divergence_mean_sq": 0.18397605419158936,
  "divergence_max_sq": 0.8287064433097839,
  "divergence_n_samples": 10
}