{
  "condition": "C3_shuffled",
  "seed": 2023,
  "domain": "Climate",
  "pred_len": 8,
  "seq_len": 192,
  "gradnorm_mean": 0.001345646582194604,
  "gradnorm_std": 0.001359498947425597,
  "gradnorm_n": 3,
  "attn_entropy_rel_mean": 0.9873536626497904,
  "attn_max_weight_mean": 0.142525315284729,
  "attn_n_batches": 3,
  "divergence_mean_sq": 0.020412089303135872,
  "divergence_max_sq": 0.035228580236434937,
  "divergence_n_samples": 10
}