{
  "condition": "C3_shuffled",
  "seed": 2023,
  "domain": "Economy",
  "pred_len": 8,
  "seq_len": 192,
  "gradnorm_mean": 0.20274516443411508,
  "gradnorm_std": 0.1235234169709637,
  "gradnorm_n": 3,
  "attn_entropy_rel_mean": 0.9660964210828146,
  "attn_max_weight_mean": 0.1741254429022471,
  "attn_n_batches": 3,
  "divergence_mean_sq": 0.03451509028673172,
  "divergence_max_sq": 0.12213008105754852,
  "divergence_n_samples": 10
}