{
  "condition": "C3_shuffled",
  "seed": 2023,
  "domain": "Energy",
  "pred_len": 8,
  "seq_len": 1056,
  "gradnorm_mean": 0.06769328471273184,
  "gradnorm_std": 0.0870375205154943,
  "gradnorm_n": 3,
  "attn_entropy_rel_mean": 0.9644729097684225,
  "attn_max_weight_mean": 0.17171532412370047,
  "attn_n_batches": 3,
  "divergence_mean_sq": 0.042493537068367004,
  "divergence_max_sq": 0.14763399958610535,
  "divergence_n_samples": 10
}