{
  "condition": "C3_shuffled",
  "seed": 2023,
  "domain": "Security",
  "pred_len": 8,
  "seq_len": 220,
  "gradnorm_mean": 0.17944689591725668,
  "gradnorm_std": 0.0553397280761982,
  "gradnorm_n": 3,
  "attn_entropy_rel_mean": 0.9821133216222128,
  "attn_max_weight_mean": 0.1470867544412613,
  "attn_n_batches": 3,
  "divergence_mean_sq": 0.04713497683405876,
  "divergence_max_sq": 0.13458499312400818,
  "divergence_n_samples": 10
}