{
  "condition": "C3_shuffled",
  "seed": 2023,
  "domain": "SocialGood",
  "pred_len": 8,
  "seq_len": 192,
  "gradnorm_mean": 0.027170576776067417,
  "gradnorm_std": 0.02986109964358431,
  "gradnorm_n": 3,
  "attn_entropy_rel_mean": 0.9685190320014954,
  "attn_max_weight_mean": 0.1640541801850001,
  "attn_n_batches": 3,
  "divergence_mean_sq": 0.05890253931283951,
  "divergence_max_sq": 0.16882672905921936,
  "divergence_n_samples": 10
}