{
  "condition": "C3_shuffled",
  "seed": 2023,
  "domain": "Traffic",
  "pred_len": 8,
  "seq_len": 96,
  "gradnorm_mean": 0.00285552143274496,
  "gradnorm_std": 0.0013282559980963753,
  "gradnorm_n": 3,
  "attn_entropy_rel_mean": 0.9878253142038981,
  "attn_max_weight_mean": 0.14094900091489157,
  "attn_n_batches": 3,
  "divergence_mean_sq": 0.0013105564285069704,
  "divergence_max_sq": 0.0034971386194229126,
  "divergence_n_samples": 10
}