{
  "condition": "C8_oracle",
  "seed": 2022,
  "domain": "Economy",
  "pred_len": 8,
  "seq_len": 192,
  "gradnorm_mean": 0.4852324941505988,
  "gradnorm_std": 0.7412492476637137,
  "gradnorm_n": 3,
  "attn_entropy_rel_mean": 0.9663974046707153,
  "attn_max_weight_mean": 0.17402596771717072,
  "attn_n_batches": 3,
  "divergence_mean_sq": 0.050428539514541626,
  "divergence_max_sq": 0.10321582853794098,
  "divergence_n_samples": 10
}