{
  "condition": "C8_oracle",
  "seed": 2022,
  "domain": "SocialGood",
  "pred_len": 8,
  "seq_len": 192,
  "gradnorm_mean": 0.006159943838914235,
  "gradnorm_std": 0.0032639821316414776,
  "gradnorm_n": 3,
  "attn_entropy_rel_mean": 0.9688227574030558,
  "attn_max_weight_mean": 0.1638410190741221,
  "attn_n_batches": 3,
  "divergence_mean_sq": 0.30870988965034485,
  "divergence_max_sq": 0.6965715885162354,
  "divergence_n_samples": 10
}