{
  "condition": "C8_oracle",
  "seed": 2022,
  "domain": "Traffic",
  "pred_len": 8,
  "seq_len": 96,
  "gradnorm_mean": 0.002230004087323323,
  "gradnorm_std": 0.003240384879848317,
  "gradnorm_n": 3,
  "attn_entropy_rel_mean": 0.9879571000734965,
  "attn_max_weight_mean": 0.14125895500183105,
  "attn_n_batches": 3,
  "divergence_mean_sq": 0.0008748485124669969,
  "divergence_max_sq": 0.0018718240316957235,
  "divergence_n_samples": 10
}