{
  "condition": "C1_original",
  "seed": 2021,
  "domain": "Energy",
  "pred_len": 8,
  "seq_len": 1056,
  "gradnorm_mean": 0.27521060810734826,
  "gradnorm_std": 0.4674563941618663,
  "gradnorm_n": 3,
  "attn_entropy_rel_mean": 0.9648977915445963,
  "attn_max_weight_mean": 0.17090843617916107,
  "attn_n_batches": 3,
  "divergence_mean_sq": 0.02667122520506382,
  "divergence_max_sq": 0.052261050790548325,
  "divergence_n_samples": 10
}