{
  "condition": "C1_original",
  "seed": 2021,
  "domain": "Environment",
  "pred_len": 8,
  "seq_len": 528,
  "gradnorm_mean": 0.008992540805290142,
  "gradnorm_std": 0.008841358764325971,
  "gradnorm_n": 3,
  "attn_entropy_rel_mean": 0.9827196002006531,
  "attn_max_weight_mean": 0.15077097217241922,
  "attn_n_batches": 3,
  "divergence_mean_sq": 0.003799156518653035,
  "divergence_max_sq": 0.007354854606091976,
  "divergence_n_samples": 10
}