{
  "condition": "C1_original",
  "seed": 2021,
  "domain": "Health",
  "pred_len": 8,
  "seq_len": 96,
  "gradnorm_mean": 0.006391088051411013,
  "gradnorm_std": 0.009565571544125752,
  "gradnorm_n": 3,
  "attn_entropy_rel_mean": 0.9730858405431112,
  "attn_max_weight_mean": 0.16315857072671255,
  "attn_n_batches": 3,
  "divergence_mean_sq": 0.02345929853618145,
  "divergence_max_sq": 0.06619004905223846,
  "divergence_n_samples": 10
}