{
  "condition": "C1_original",
  "seed": 2021,
  "domain": "SocialGood",
  "pred_len": 8,
  "seq_len": 192,
  "gradnorm_mean": 0.023206027845541637,
  "gradnorm_std": 0.009046228979414147,
  "gradnorm_n": 3,
  "attn_entropy_rel_mean": 0.9684022466341654,
  "attn_max_weight_mean": 0.1636028935511907,
  "attn_n_batches": 3,
  "divergence_mean_sq": 0.07739252597093582,
  "divergence_max_sq": 0.16851741075515747,
  "divergence_n_samples": 10
}