{
  "condition": "C1_original",
  "seed": 2021,
  "domain": "Traffic",
  "pred_len": 8,
  "seq_len": 96,
  "gradnorm_mean": 0.000543039379408583,
  "gradnorm_std": 0.0006451681864067124,
  "gradnorm_n": 3,
  "attn_entropy_rel_mean": 0.9876755475997925,
  "attn_max_weight_mean": 0.14211279650529227,
  "attn_n_batches": 3,
  "divergence_mean_sq": 0.0018142824992537498,
  "divergence_max_sq": 0.007018189877271652,
  "divergence_n_samples": 10
}