{
  "condition": "C4_crossdomain",
  "seed": 2021,
  "domain": "Agriculture",
  "pred_len": 8,
  "seq_len": 192,
  "gradnorm_mean": 0.04252954572439194,
  "gradnorm_std": 0.05043278076191808,
  "gradnorm_n": 3,
  "attn_entropy_rel_mean": 0.9664204915364584,
  "attn_max_weight_mean": 0.1744780292113622,
  "attn_n_batches": 3,
  "divergence_mean_sq": 0.020889336243271828,
  "divergence_max_sq": 0.05878887325525284,
  "divergence_n_samples": 10
}