{
  "condition": "C4_crossdomain",
  "seed": 2021,
  "domain": "Climate",
  "pred_len": 8,
  "seq_len": 192,
  "gradnorm_mean": 0.0013302980611721675,
  "gradnorm_std": 0.0009064131240412808,
  "gradnorm_n": 3,
  "attn_entropy_rel_mean": 0.9873964190483093,
  "attn_max_weight_mean": 0.1422757109006246,
  "attn_n_batches": 3,
  "divergence_mean_sq": 0.03589482232928276,
  "divergence_max_sq": 0.07251248508691788,
  "divergence_n_samples": 10
}