{
  "condition": "C4_crossdomain",
  "seed": 2021,
  "domain": "Health",
  "pred_len": 8,
  "seq_len": 96,
  "gradnorm_mean": 0.032575885318995766,
  "gradnorm_std": 0.05167236492425612,
  "gradnorm_n": 3,
  "attn_entropy_rel_mean": 0.9730047980944315,
  "attn_max_weight_mean": 0.16343643267949423,
  "attn_n_batches": 3,
  "divergence_mean_sq": 0.01362667977809906,
  "divergence_max_sq": 0.03577738255262375,
  "divergence_n_samples": 10
}