{
  "condition": "C4_crossdomain",
  "seed": 2021,
  "domain": "Security",
  "pred_len": 8,
  "seq_len": 220,
  "gradnorm_mean": 0.26105483373006183,
  "gradnorm_std": 0.2595762097459422,
  "gradnorm_n": 3,
  "attn_entropy_rel_mean": 0.9822093844413757,
  "attn_max_weight_mean": 0.14708688855171204,
  "attn_n_batches": 3,
  "divergence_mean_sq": 0.06359358876943588,
  "divergence_max_sq": 0.1574515700340271,
  "divergence_n_samples": 10
}