{
  "condition": "C4_crossdomain",
  "seed": 2021,
  "domain": "SocialGood",
  "pred_len": 8,
  "seq_len": 192,
  "gradnorm_mean": 0.03820526506751776,
  "gradnorm_std": 0.03792372968505882,
  "gradnorm_n": 3,
  "attn_entropy_rel_mean": 0.9684796929359436,
  "attn_max_weight_mean": 0.1641241063674291,
  "attn_n_batches": 3,
  "divergence_mean_sq": 0.1359587162733078,
  "divergence_max_sq": 0.3134750425815582,
  "divergence_n_samples": 10
}