{
  "condition": "C2_empty",
  "seed": 2022,
  "domain": "Climate",
  "pred_len": 8,
  "seq_len": 192,
  "gradnorm_mean": 0.002330479876642736,
  "gradnorm_std": 0.0036729123591966125,
  "gradnorm_n": 3,
  "attn_entropy_rel_mean": 0.9872499903043112,
  "attn_max_weight_mean": 0.14280816415945688,
  "attn_n_batches": 3,
  "divergence_mean_sq": 0.02670438028872013,
  "divergence_max_sq": 0.047652892768383026,
  "divergence_n_samples": 10
}