{
  "condition": "C2_empty",
  "seed": 2022,
  "domain": "Energy",
  "pred_len": 8,
  "seq_len": 1056,
  "gradnorm_mean": 0.043698951291541256,
  "gradnorm_std": 0.05663620861994514,
  "gradnorm_n": 3,
  "attn_entropy_rel_mean": 0.96436075369517,
  "attn_max_weight_mean": 0.17130147417386374,
  "attn_n_batches": 3,
  "divergence_mean_sq": 0.04251715913414955,
  "divergence_max_sq": 0.20395906269550323,
  "divergence_n_samples": 10
}