{
  "condition": "C2_empty",
  "seed": 2022,
  "domain": "Environment",
  "pred_len": 8,
  "seq_len": 528,
  "gradnorm_mean": 0.008847641904139891,
  "gradnorm_std": 0.014340607373610719,
  "gradnorm_n": 3,
  "attn_entropy_rel_mean": 0.982653021812439,
  "attn_max_weight_mean": 0.15094864865144095,
  "attn_n_batches": 3,
  "divergence_mean_sq": 0.0034534998703747988,
  "divergence_max_sq": 0.007058328948915005,
  "divergence_n_samples": 10
}