{
  "condition": "C2_empty",
  "seed": 2022,
  "domain": "Health",
  "pred_len": 8,
  "seq_len": 96,
  "gradnorm_mean": 0.04937500413507223,
  "gradnorm_std": 0.05269039791155646,
  "gradnorm_n": 3,
  "attn_entropy_rel_mean": 0.9731513261795044,
  "attn_max_weight_mean": 0.1629739056030909,
  "attn_n_batches": 3,
  "divergence_mean_sq": 0.015045978128910065,
  "divergence_max_sq": 0.03474177047610283,
  "divergence_n_samples": 10
}