{
  "condition": "C2_empty",
  "seed": 2022,
  "domain": "SocialGood",
  "pred_len": 8,
  "seq_len": 192,
  "gradnorm_mean": 0.019270021468400955,
  "gradnorm_std": 0.0030556697388131404,
  "gradnorm_n": 3,
  "attn_entropy_rel_mean": 0.9687714179356893,
  "attn_max_weight_mean": 0.16310546298821768,
  "attn_n_batches": 3,
  "divergence_mean_sq": 0.14599883556365967,
  "divergence_max_sq": 0.3246975541114807,
  "divergence_n_samples": 10
}