{
  "condition": "C2_empty",
  "seed": 2022,
  "domain": "Traffic",
  "pred_len": 8,
  "seq_len": 96,
  "gradnorm_mean": 0.0005904474091948941,
  "gradnorm_std": 0.00034882315142912966,
  "gradnorm_n": 3,
  "attn_entropy_rel_mean": 0.9877633253733317,
  "attn_max_weight_mean": 0.14120768507321677,
  "attn_n_batches": 3,
  "divergence_mean_sq": 0.0012053119717165828,
  "divergence_max_sq": 0.0035001710057258606,
  "divergence_n_samples": 10
}