{
  "condition": "C6_unimodal",
  "seed": 2022,
  "domain": "Agriculture",
  "pred_len": 8,
  "seq_len": 192,
  "gradnorm_mean": 0.7738236884276072,
  "gradnorm_std": 0.3417240510757209,
  "gradnorm_n": 3,
  "attn_entropy_rel_mean": 0.9670769969622294,
  "attn_max_weight_mean": 0.17391289273897806,
  "attn_n_batches": 3,
  "divergence_mean_sq": 0.02027047984302044,
  "divergence_max_sq": 0.052239518612623215,
  "divergence_n_samples": 10
}