{
  "condition": "C6_unimodal",
  "seed": 2022,
  "domain": "Energy",
  "pred_len": 8,
  "seq_len": 1056,
  "gradnorm_mean": 0.054535252352555595,
  "gradnorm_std": 0.07404843470128873,
  "gradnorm_n": 3,
  "attn_entropy_rel_mean": 0.9646210273106893,
  "attn_max_weight_mean": 0.1716225246588389,
  "attn_n_batches": 3,
  "divergence_mean_sq": 0.03658181428909302,
  "divergence_max_sq": 0.14981487393379211,
  "divergence_n_samples": 10
}