{
  "condition": "C5_constant",
  "seed": 2021,
  "domain": "Agriculture",
  "pred_len": 8,
  "seq_len": 192,
  "gradnorm_mean": 0.20691039164861044,
  "gradnorm_std": 0.11123310799919409,
  "gradnorm_n": 3,
  "attn_entropy_rel_mean": 0.9672072728474935,
  "attn_max_weight_mean": 0.17383937537670135,
  "attn_n_batches": 3,
  "divergence_mean_sq": 0.028969988226890564,
  "divergence_max_sq": 0.16623100638389587,
  "divergence_n_samples": 10
}