{
  "condition": "C5_constant",
  "seed": 2021,
  "domain": "Climate",
  "pred_len": 8,
  "seq_len": 192,
  "gradnorm_mean": 0.012021185655612499,
  "gradnorm_std": 0.016997701591882738,
  "gradnorm_n": 3,
  "attn_entropy_rel_mean": 0.9875927368799845,
  "attn_max_weight_mean": 0.1418964813152949,
  "attn_n_batches": 3,
  "divergence_mean_sq": 0.020611850544810295,
  "divergence_max_sq": 0.031994327902793884,
  "divergence_n_samples": 10
}