{
  "condition": "C5_constant",
  "seed": 2021,
  "domain": "Energy",
  "pred_len": 8,
  "seq_len": 1056,
  "gradnorm_mean": 0.23747708229348063,
  "gradnorm_std": 0.29365661760676,
  "gradnorm_n": 3,
  "attn_entropy_rel_mean": 0.9654998183250427,
  "attn_max_weight_mean": 0.16947757204373678,
  "attn_n_batches": 3,
  "divergence_mean_sq": 0.02074589766561985,
  "divergence_max_sq": 0.04214777052402496,
  "divergence_n_samples": 10
}