{
  "condition": "C5_constant",
  "seed": 2021,
  "domain": "Health",
  "pred_len": 8,
  "seq_len": 96,
  "gradnorm_mean": 0.2982195644678238,
  "gradnorm_std": 0.5148812809337425,
  "gradnorm_n": 3,
  "attn_entropy_rel_mean": 0.9738772908846537,
  "attn_max_weight_mean": 0.1616924504439036,
  "attn_n_batches": 3,
  "divergence_mean_sq": 0.026472274214029312,
  "divergence_max_sq": 0.08474002033472061,
  "divergence_n_samples": 10
}