{
  "condition": "C5_constant",
  "seed": 2021,
  "domain": "Security",
  "pred_len": 8,
  "seq_len": 220,
  "gradnorm_mean": 0.23718216021855673,
  "gradnorm_std": 0.3420522283620659,
  "gradnorm_n": 3,
  "attn_entropy_rel_mean": 0.9828006227811178,
  "attn_max_weight_mean": 0.1460153063138326,
  "attn_n_batches": 3,
  "divergence_mean_sq": 0.10005096346139908,
  "divergence_max_sq": 0.20088499784469604,
  "divergence_n_samples": 10
}