{
  "condition": "C4_crossdomain",
  "seed": 2023,
  "domain": "Economy",
  "pred_len": 8,
  "seq_len": 192,
  "gradnorm_mean": 0.12690022944783172,
  "gradnorm_std": 0.18184680983659335,
  "gradnorm_n": 3,
  "attn_entropy_rel_mean": 0.9654678106307983,
  "attn_max_weight_mean": 0.1743349035580953,
  "attn_n_batches": 3,
  "divergence_mean_sq": 0.049843788146972656,
  "divergence_max_sq": 0.2263907790184021,
  "divergence_n_samples": 10
}