{
  "condition": "C4_crossdomain",
  "seed": 2023,
  "domain": "Energy",
  "pred_len": 8,
  "seq_len": 1056,
  "gradnorm_mean": 0.08427683015664418,
  "gradnorm_std": 0.109673281499586,
  "gradnorm_n": 3,
  "attn_entropy_rel_mean": 0.9647913177808126,
  "attn_max_weight_mean": 0.17164517442385355,
  "attn_n_batches": 3,
  "divergence_mean_sq": 0.02592037431895733,
  "divergence_max_sq": 0.05804377794265747,
  "divergence_n_samples": 10
}