{
  "condition": "C4_crossdomain",
  "seed": 2023,
  "domain": "Environment",
  "pred_len": 8,
  "seq_len": 528,
  "gradnorm_mean": 0.0171288816879193,
  "gradnorm_std": 0.016712361054883194,
  "gradnorm_n": 3,
  "attn_entropy_rel_mean": 0.9827474554379781,
  "attn_max_weight_mean": 0.1507200449705124,
  "attn_n_batches": 3,
  "divergence_mean_sq": 0.003738659666851163,
  "divergence_max_sq": 0.010891679674386978,
  "divergence_n_samples": 10
}