{
  "condition": "C4_crossdomain",
  "seed": 2023,
  "domain": "Health",
  "pred_len": 8,
  "seq_len": 96,
  "gradnorm_mean": 0.04449822730384767,
  "gradnorm_std": 0.07456799913637649,
  "gradnorm_n": 3,
  "attn_entropy_rel_mean": 0.9733101924260458,
  "attn_max_weight_mean": 0.16254042088985443,
  "attn_n_batches": 3,
  "divergence_mean_sq": 0.07908160984516144,
  "divergence_max_sq": 0.3933809697628021,
  "divergence_n_samples": 10
}