{
  "condition": "C4_crossdomain",
  "seed": 2023,
  "domain": "Security",
  "pred_len": 8,
  "seq_len": 220,
  "gradnorm_mean": 0.1262662447988987,
  "gradnorm_std": 0.11494478001394487,
  "gradnorm_n": 3,
  "attn_entropy_rel_mean": 0.9823372562726339,
  "attn_max_weight_mean": 0.1468072384595871,
  "attn_n_batches": 3,
  "divergence_mean_sq": 0.03517020866274834,
  "divergence_max_sq": 0.05795670673251152,
  "divergence_n_samples": 10
}