{
  "condition": "C4_crossdomain",
  "seed": 2023,
  "domain": "SocialGood",
  "pred_len": 8,
  "seq_len": 192,
  "gradnorm_mean": 0.028926752973347902,
  "gradnorm_std": 0.02654787195368313,
  "gradnorm_n": 3,
  "attn_entropy_rel_mean": 0.9683825373649597,
  "attn_max_weight_mean": 0.16407320400079092,
  "attn_n_batches": 3,
  "divergence_mean_sq": 0.069794200360775,
  "divergence_max_sq": 0.2620372176170349,
  "divergence_n_samples": 10
}