{
  "condition": "C5_constant",
  "seed": 2022,
  "domain": "Environment",
  "pred_len": 8,
  "seq_len": 528,
  "gradnorm_mean": 0.010547465411946177,
  "gradnorm_std": 0.0079701741063515,
  "gradnorm_n": 3,
  "attn_entropy_rel_mean": 0.9829497734705607,
  "attn_max_weight_mean": 0.1502913385629654,
  "attn_n_batches": 3,
  "divergence_mean_sq": 0.010998881421983242,
  "divergence_max_sq": 0.03757673501968384,
  "divergence_n_samples": 10
}