{
  "condition": "C5_constant",
  "seed": 2022,
  "domain": "Security",
  "pred_len": 8,
  "seq_len": 220,
  "gradnorm_mean": 0.11814894651373227,
  "gradnorm_std": 0.10281165020273891,
  "gradnorm_n": 3,
  "attn_entropy_rel_mean": 0.9825646678606669,
  "attn_max_weight_mean": 0.1460895985364914,
  "attn_n_batches": 3,
  "divergence_mean_sq": 0.07473442703485489,
  "divergence_max_sq": 0.18919634819030762,
  "divergence_n_samples": 10
}