{
  "condition": "C5_constant",
  "seed": 2023,
  "domain": "Economy",
  "pred_len": 8,
  "seq_len": 192,
  "gradnorm_mean": 0.17040056735277176,
  "gradnorm_std": 0.14929990855894815,
  "gradnorm_n": 3,
  "attn_entropy_rel_mean": 0.9666733741760254,
  "attn_max_weight_mean": 0.17330477138360342,
  "attn_n_batches": 3,
  "divergence_mean_sq": 0.05350380018353462,
  "divergence_max_sq": 0.143143892288208,
  "divergence_n_samples": 10
}