{
  "condition": "C5_constant",
  "seed": 2023,
  "domain": "Security",
  "pred_len": 8,
  "seq_len": 220,
  "gradnorm_mean": 0.22083944827318192,
  "gradnorm_std": 0.1730227425063622,
  "gradnorm_n": 3,
  "attn_entropy_rel_mean": 0.9826170802116394,
  "attn_max_weight_mean": 0.14620081583658853,
  "attn_n_batches": 3,
  "divergence_mean_sq": 0.05599372461438179,
  "divergence_max_sq": 0.22528378665447235,
  "divergence_n_samples": 10
}