{
  "condition": "C3_shuffled",
  "seed": 2021,
  "domain": "Agriculture",
  "pred_len": 8,
  "seq_len": 192,
  "gradnorm_mean": 0.0546046607196331,
  "gradnorm_std": 0.07472676435335343,
  "gradnorm_n": 3,
  "attn_entropy_rel_mean": 0.9661099910736084,
  "attn_max_weight_mean": 0.17573975523312887,
  "attn_n_batches": 3,
  "divergence_mean_sq": 0.01085779070854187,
  "divergence_max_sq": 0.034164369106292725,
  "divergence_n_samples": 10
}