{
  "condition": "C3_shuffled",
  "seed": 2021,
  "domain": "Energy",
  "pred_len": 8,
  "seq_len": 1056,
  "gradnorm_mean": 0.016428626452883083,
  "gradnorm_std": 0.0043911526223114825,
  "gradnorm_n": 3,
  "attn_entropy_rel_mean": 0.9650281071662903,
  "attn_max_weight_mean": 0.17017459869384766,
  "attn_n_batches": 3,
  "divergence_mean_sq": 0.17259781062602997,
  "divergence_max_sq": 0.8201228976249695,
  "divergence_n_samples": 10
}