{
  "condition": "C3_shuffled",
  "seed": 2021,
  "domain": "Environment",
  "pred_len": 8,
  "seq_len": 528,
  "gradnorm_mean": 0.008146079412351051,
  "gradnorm_std": 0.006560155935525647,
  "gradnorm_n": 3,
  "attn_entropy_rel_mean": 0.9826668500900269,
  "attn_max_weight_mean": 0.1507183462381363,
  "attn_n_batches": 3,
  "divergence_mean_sq": 0.007856560871005058,
  "divergence_max_sq": 0.030790753662586212,
  "divergence_n_samples": 10
}