{
  "condition": "C6_unimodal",
  "seed": 2021,
  "domain": "Agriculture",
  "pred_len": 8,
  "seq_len": 192,
  "gradnorm_mean": 0.03901942384739717,
  "gradnorm_std": 0.01747728628680317,
  "gradnorm_n": 3,
  "attn_entropy_rel_mean": 0.9669049779574076,
  "attn_max_weight_mean": 0.17429443200429282,
  "attn_n_batches": 3,
  "divergence_mean_sq": 0.013619276694953442,
  "divergence_max_sq": 0.04918795824050903,
  "divergence_n_samples": 10
}