{
  "condition": "C6_unimodal",
  "seed": 2021,
  "domain": "Energy",
  "pred_len": 8,
  "seq_len": 1056,
  "gradnorm_mean": 0.042707466365148626,
  "gradnorm_std": 0.036775915820829674,
  "gradnorm_n": 3,
  "attn_entropy_rel_mean": 0.9644960959752401,
  "attn_max_weight_mean": 0.17069090902805328,
  "attn_n_batches": 3,
  "divergence_mean_sq": 0.06694095581769943,
  "divergence_max_sq": 0.16321644186973572,
  "divergence_n_samples": 10
}