{
  "condition": "C6_unimodal",
  "seed": 2021,
  "domain": "Environment",
  "pred_len": 8,
  "seq_len": 528,
  "gradnorm_mean": 0.006855895354722937,
  "gradnorm_std": 0.006947291883385776,
  "gradnorm_n": 3,
  "attn_entropy_rel_mean": 0.9826858639717102,
  "attn_max_weight_mean": 0.15066453317801157,
  "attn_n_batches": 3,
  "divergence_mean_sq": 0.0066412584856152534,
  "divergence_max_sq": 0.02674432098865509,
  "divergence_n_samples": 10
}