{
  "condition": "C6_unimodal",
  "seed": 2021,
  "domain": "Health",
  "pred_len": 8,
  "seq_len": 96,
  "gradnorm_mean": 0.02155991444791046,
  "gradnorm_std": 0.03402736837131748,
  "gradnorm_n": 3,
  "attn_entropy_rel_mean": 0.9727203249931335,
  "attn_max_weight_mean": 0.16334093610445657,
  "attn_n_batches": 3,
  "divergence_mean_sq": 0.035733919590711594,
  "divergence_max_sq": 0.13593634963035583,
  "divergence_n_samples": 10
}