{
  "condition": "C6_unimodal",
  "seed": 2021,
  "domain": "SocialGood",
  "pred_len": 8,
  "seq_len": 192,
  "gradnorm_mean": 0.015819968655705452,
  "gradnorm_std": 0.007803562885265224,
  "gradnorm_n": 3,
  "attn_entropy_rel_mean": 0.968712329864502,
  "attn_max_weight_mean": 0.1634894162416458,
  "attn_n_batches": 3,
  "divergence_mean_sq": 0.07726883143186569,
  "divergence_max_sq": 0.2734774351119995,
  "divergence_n_samples": 10
}