{
  "condition": "C6_unimodal",
  "seed": 2021,
  "domain": "Traffic",
  "pred_len": 8,
  "seq_len": 96,
  "gradnorm_mean": 0.0024486397257229933,
  "gradnorm_std": 0.0038216695122257178,
  "gradnorm_n": 3,
  "attn_entropy_rel_mean": 0.9877893924713135,
  "attn_max_weight_mean": 0.14168072243531546,
  "attn_n_batches": 3,
  "divergence_mean_sq": 0.001324423123151064,
  "divergence_max_sq": 0.002303988905623555,
  "divergence_n_samples": 10
}