{
  "condition": "C6_unimodal",
  "seed": 2023,
  "domain": "Security",
  "pred_len": 8,
  "seq_len": 220,
  "gradnorm_mean": 0.11021104641258717,
  "gradnorm_std": 0.14193808944061642,
  "gradnorm_n": 3,
  "attn_entropy_rel_mean": 0.9822345773379008,
  "attn_max_weight_mean": 0.14676786959171295,
  "attn_n_batches": 3,
  "divergence_mean_sq": 0.059905100613832474,
  "divergence_max_sq": 0.09991199523210526,
  "divergence_n_samples": 10
}