{
  "condition": "C6_unimodal",
  "seed": 2023,
  "domain": "SocialGood",
  "pred_len": 8,
  "seq_len": 192,
  "gradnorm_mean": 0.015882172621786594,
  "gradnorm_std": 0.006398882115471562,
  "gradnorm_n": 3,
  "attn_entropy_rel_mean": 0.9685920278231303,
  "attn_max_weight_mean": 0.16388771931330362,
  "attn_n_batches": 3,
  "divergence_mean_sq": 0.06447171419858932,
  "divergence_max_sq": 0.1979358196258545,
  "divergence_n_samples": 10
}