{
  "condition": "C6_unimodal",
  "seed": 2023,
  "domain": "Traffic",
  "pred_len": 8,
  "seq_len": 96,
  "gradnorm_mean": 0.00038743208278901875,
  "gradnorm_std": 0.00021669250194875767,
  "gradnorm_n": 3,
  "attn_entropy_rel_mean": 0.9876787662506104,
  "attn_max_weight_mean": 0.14159236351648966,
  "attn_n_batches": 3,
  "divergence_mean_sq": 0.0013611528556793928,
  "divergence_max_sq": 0.0036437981761991978,
  "divergence_n_samples": 10
}