{
  "condition": "C9_zero_priors",
  "seed": 2021,
  "domain": "Agriculture",
  "pred_len": 8,
  "seq_len": 192,
  "gradnorm_mean": 0.04332610716422399,
  "gradnorm_std": 0.03854169911063588,
  "gradnorm_n": 3,
  "attn_entropy_rel_mean": 0.9667794108390808,
  "attn_max_weight_mean": 0.17434474329153696,
  "attn_n_batches": 3,
  "divergence_mean_sq": 0.016543753445148468,
  "divergence_max_sq": 0.059283945709466934,
  "divergence_n_samples": 10
}