{
  "condition": "C9_zero_priors",
  "seed": 2021,
  "domain": "Climate",
  "pred_len": 8,
  "seq_len": 192,
  "gradnorm_mean": 0.0174643606490766,
  "gradnorm_std": 0.028108686843195115,
  "gradnorm_n": 3,
  "attn_entropy_rel_mean": 0.9874361952145895,
  "attn_max_weight_mean": 0.14221314092477164,
  "attn_n_batches": 3,
  "divergence_mean_sq": 0.02282184176146984,
  "divergence_max_sq": 0.04123319685459137,
  "divergence_n_samples": 10
}