{
  "condition": "C9_zero_priors",
  "seed": 2021,
  "domain": "Environment",
  "pred_len": 8,
  "seq_len": 528,
  "gradnorm_mean": 0.009306120531012615,
  "gradnorm_std": 0.008727870986144401,
  "gradnorm_n": 3,
  "attn_entropy_rel_mean": 0.9827428658803304,
  "attn_max_weight_mean": 0.15088318288326263,
  "attn_n_batches": 3,
  "divergence_mean_sq": 0.002626989735290408,
  "divergence_max_sq": 0.00895900372415781,
  "divergence_n_samples": 10
}