{
  "condition": "C9_zero_priors",
  "seed": 2021,
  "domain": "Security",
  "pred_len": 8,
  "seq_len": 220,
  "gradnorm_mean": 0.21653716700772443,
  "gradnorm_std": 0.2923305509905833,
  "gradnorm_n": 3,
  "attn_entropy_rel_mean": 0.9820105830828348,
  "attn_max_weight_mean": 0.14740431805451712,
  "attn_n_batches": 3,
  "divergence_mean_sq": 0.053134363144636154,
  "divergence_max_sq": 0.1427457630634308,
  "divergence_n_samples": 10
}