{
  "condition": "C9_zero_priors",
  "seed": 2021,
  "domain": "SocialGood",
  "pred_len": 8,
  "seq_len": 192,
  "gradnorm_mean": 0.011306827422231436,
  "gradnorm_std": 0.0038208560863454157,
  "gradnorm_n": 3,
  "attn_entropy_rel_mean": 0.9690224726994833,
  "attn_max_weight_mean": 0.16290666162967682,
  "attn_n_batches": 3,
  "divergence_mean_sq": 0.05477876588702202,
  "divergence_max_sq": 0.16976657509803772,
  "divergence_n_samples": 10
}