{
  "condition": "C4_crossdomain",
  "seed": 2022,
  "domain": "Economy",
  "pred_len": 8,
  "seq_len": 192,
  "gradnorm_mean": 0.1336935928169017,
  "gradnorm_std": 0.11840791028173618,
  "gradnorm_n": 3,
  "attn_entropy_rel_mean": 0.9654272596041361,
  "attn_max_weight_mean": 0.17446551223595938,
  "attn_n_batches": 3,
  "divergence_mean_sq": 0.039471179246902466,
  "divergence_max_sq": 0.1878938376903534,
  "divergence_n_samples": 10
}