{
  "condition": "C4_crossdomain",
  "seed": 2022,
  "domain": "Energy",
  "pred_len": 8,
  "seq_len": 1056,
  "gradnorm_mean": 0.062423767521977425,
  "gradnorm_std": 0.061528513368500584,
  "gradnorm_n": 3,
  "attn_entropy_rel_mean": 0.9645843505859375,
  "attn_max_weight_mean": 0.1713182032108307,
  "attn_n_batches": 3,
  "divergence_mean_sq": 0.030749818310141563,
  "divergence_max_sq": 0.06942546367645264,
  "divergence_n_samples": 10
}