{
  "condition": "C4_crossdomain",
  "seed": 2022,
  "domain": "SocialGood",
  "pred_len": 8,
  "seq_len": 192,
  "gradnorm_mean": 0.022555889561772346,
  "gradnorm_std": 0.009434593311960794,
  "gradnorm_n": 3,
  "attn_entropy_rel_mean": 0.96870223681132,
  "attn_max_weight_mean": 0.163597971200943,
  "attn_n_batches": 3,
  "divergence_mean_sq": 0.09130388498306274,
  "divergence_max_sq": 0.22852930426597595,
  "divergence_n_samples": 10
}