{
  "condition": "C4_crossdomain",
  "seed": 2022,
  "domain": "Traffic",
  "pred_len": 8,
  "seq_len": 96,
  "gradnorm_mean": 0.00042824190071163076,
  "gradnorm_std": 0.00029025601915483616,
  "gradnorm_n": 3,
  "attn_entropy_rel_mean": 0.9879483779271444,
  "attn_max_weight_mean": 0.14101731777191162,
  "attn_n_batches": 3,
  "divergence_mean_sq": 0.002299548825249076,
  "divergence_max_sq": 0.014077248983085155,
  "divergence_n_samples": 10
}