{
  "condition": "C1_original",
  "seed": 2022,
  "domain": "Health",
  "pred_len": 8,
  "seq_len": 96,
  "gradnorm_mean": 0.02052054558104525,
  "gradnorm_std": 0.031372851768293984,
  "gradnorm_n": 3,
  "attn_entropy_rel_mean": 0.9731388886769613,
  "attn_max_weight_mean": 0.16330270965894064,
  "attn_n_batches": 3,
  "divergence_mean_sq": 0.025931311771273613,
  "divergence_max_sq": 0.11556355655193329,
  "divergence_n_samples": 10
}