{
  "condition": "C2_empty",
  "seed": 2021,
  "domain": "Agriculture",
  "pred_len": 8,
  "seq_len": 192,
  "gradnorm_mean": 0.09899099419514339,
  "gradnorm_std": 0.07095875876396587,
  "gradnorm_n": 3,
  "attn_entropy_rel_mean": 0.9666889707247416,
  "attn_max_weight_mean": 0.17446266611417136,
  "attn_n_batches": 3,
  "divergence_mean_sq": 0.01754760555922985,
  "divergence_max_sq": 0.04628269001841545,
  "divergence_n_samples": 10
}