{
  "condition": "C2_empty",
  "seed": 2021,
  "domain": "Climate",
  "pred_len": 8,
  "seq_len": 192,
  "gradnorm_mean": 0.004204877763792562,
  "gradnorm_std": 0.0035956173664913214,
  "gradnorm_n": 3,
  "attn_entropy_rel_mean": 0.9872759977976481,
  "attn_max_weight_mean": 0.1427494833866755,
  "attn_n_batches": 3,
  "divergence_mean_sq": 0.016848374158143997,
  "divergence_max_sq": 0.028467901051044464,
  "divergence_n_samples": 10
}