{
  "condition": "C2_empty",
  "seed": 2021,
  "domain": "Economy",
  "pred_len": 8,
  "seq_len": 192,
  "gradnorm_mean": 0.03000949431831638,
  "gradnorm_std": 0.03309021104367133,
  "gradnorm_n": 3,
  "attn_entropy_rel_mean": 0.9655980666478475,
  "attn_max_weight_mean": 0.1745963195959727,
  "attn_n_batches": 3,
  "divergence_mean_sq": 0.05099065974354744,
  "divergence_max_sq": 0.252352774143219,
  "divergence_n_samples": 10
}