{
  "condition": "C2_empty",
  "seed": 2021,
  "domain": "Environment",
  "pred_len": 8,
  "seq_len": 528,
  "gradnorm_mean": 0.010863128739098707,
  "gradnorm_std": 0.010468877680878617,
  "gradnorm_n": 3,
  "attn_entropy_rel_mean": 0.9826879103978475,
  "attn_max_weight_mean": 0.1509056637684504,
  "attn_n_batches": 3,
  "divergence_mean_sq": 0.006485908757895231,
  "divergence_max_sq": 0.018626149743795395,
  "divergence_n_samples": 10
}