{
  "condition": "C2_empty",
  "seed": 2021,
  "domain": "Health",
  "pred_len": 8,
  "seq_len": 96,
  "gradnorm_mean": 0.058648929271536566,
  "gradnorm_std": 0.08017663236214673,
  "gradnorm_n": 3,
  "attn_entropy_rel_mean": 0.9729382991790771,
  "attn_max_weight_mean": 0.1634968320528666,
  "attn_n_batches": 3,
  "divergence_mean_sq": 0.03819900378584862,
  "divergence_max_sq": 0.1251343935728073,
  "divergence_n_samples": 10
}