{
  "condition": "C2_empty",
  "seed": 2021,
  "domain": "Traffic",
  "pred_len": 8,
  "seq_len": 96,
  "gradnorm_mean": 0.00249320962272274,
  "gradnorm_std": 0.0030554516171648846,
  "gradnorm_n": 3,
  "attn_entropy_rel_mean": 0.9876373012860616,
  "attn_max_weight_mean": 0.1414362092812856,
  "attn_n_batches": 3,
  "divergence_mean_sq": 0.001388849108479917,
  "divergence_max_sq": 0.0030291201546788216,
  "divergence_n_samples": 10
}