{
  "condition": "C1_original",
  "seed": 2023,
  "domain": "Energy",
  "pred_len": 8,
  "seq_len": 1056,
  "gradnorm_mean": 0.3205335900808374,
  "gradnorm_std": 0.5192741244459493,
  "gradnorm_n": 3,
  "attn_entropy_rel_mean": 0.9644829630851746,
  "attn_max_weight_mean": 0.17139796415964761,
  "attn_n_batches": 3,
  "divergence_mean_sq": 0.03440318629145622,
  "divergence_max_sq": 0.10530143231153488,
  "divergence_n_samples": 10
}