{
  "condition": "C1_original",
  "seed": 2023,
  "domain": "Security",
  "pred_len": 8,
  "seq_len": 220,
  "gradnorm_mean": 0.18651903917392096,
  "gradnorm_std": 0.0901056694025875,
  "gradnorm_n": 3,
  "attn_entropy_rel_mean": 0.9822069605191549,
  "attn_max_weight_mean": 0.1468385855356852,
  "attn_n_batches": 3,
  "divergence_mean_sq": 0.14612779021263123,
  "divergence_max_sq": 1.0150460004806519,
  "divergence_n_samples": 10
}