{
  "condition": "C1_original",
  "seed": 2023,
  "domain": "SocialGood",
  "pred_len": 8,
  "seq_len": 192,
  "gradnorm_mean": 0.0294997605184714,
  "gradnorm_std": 0.009271361623575596,
  "gradnorm_n": 3,
  "attn_entropy_rel_mean": 0.9687163233757019,
  "attn_max_weight_mean": 0.16356575985749564,
  "attn_n_batches": 3,
  "divergence_mean_sq": 0.096272774040699,
  "divergence_max_sq": 0.2509225606918335,
  "divergence_n_samples": 10
}