{
  "condition": "C1_original",
  "seed": 2023,
  "domain": "Traffic",
  "pred_len": 8,
  "seq_len": 96,
  "gradnorm_mean": 0.04101515225678062,
  "gradnorm_std": 0.06957204391814412,
  "gradnorm_n": 3,
  "attn_entropy_rel_mean": 0.9879034558931986,
  "attn_max_weight_mean": 0.140836368004481,
  "attn_n_batches": 3,
  "divergence_mean_sq": 0.0014861244708299637,
  "divergence_max_sq": 0.0028201076202094555,
  "divergence_n_samples": 10
}