{
  "condition": "C9_zero_priors",
  "seed": 2023,
  "domain": "Agriculture",
  "pred_len": 8,
  "seq_len": 192,
  "gradnorm_mean": 0.3111567497253418,
  "gradnorm_std": 0.06246732596341442,
  "gradnorm_n": 3,
  "attn_entropy_rel_mean": 0.9665467143058777,
  "attn_max_weight_mean": 0.17454431454340616,
  "attn_n_batches": 3,
  "divergence_mean_sq": 0.013827278278768063,
  "divergence_max_sq": 0.03562106937170029,
  "divergence_n_samples": 10
}