{
  "condition": "C9_zero_priors",
  "seed": 2023,
  "domain": "Economy",
  "pred_len": 8,
  "seq_len": 192,
  "gradnorm_mean": 0.06563282571732998,
  "gradnorm_std": 0.0462752942211655,
  "gradnorm_n": 3,
  "attn_entropy_rel_mean": 0.9656234979629517,
  "attn_max_weight_mean": 0.17469907800356546,
  "attn_n_batches": 3,
  "divergence_mean_sq": 0.05162745714187622,
  "divergence_max_sq": 0.22586148977279663,
  "divergence_n_samples": 10
}