{
  "condition": "C9_zero_priors",
  "seed": 2023,
  "domain": "Energy",
  "pred_len": 8,
  "seq_len": 1056,
  "gradnorm_mean": 1.2406249834845464,
  "gradnorm_std": 1.210015548163605,
  "gradnorm_n": 3,
  "attn_entropy_rel_mean": 0.9647045532862345,
  "attn_max_weight_mean": 0.17087258895238241,
  "attn_n_batches": 3,
  "divergence_mean_sq": 0.05411282926797867,
  "divergence_max_sq": 0.23944921791553497,
  "divergence_n_samples": 10
}