{
  "condition": "C9_zero_priors",
  "seed": 2023,
  "domain": "Environment",
  "pred_len": 8,
  "seq_len": 528,
  "gradnorm_mean": 0.007499081393082936,
  "gradnorm_std": 0.004640470828933572,
  "gradnorm_n": 3,
  "attn_entropy_rel_mean": 0.9827770789464315,
  "attn_max_weight_mean": 0.1506840487321218,
  "attn_n_batches": 3,
  "divergence_mean_sq": 0.008760802447795868,
  "divergence_max_sq": 0.03886587172746658,
  "divergence_n_samples": 10
}