{
  "condition": "C9_zero_priors",
  "seed": 2023,
  "domain": "Health",
  "pred_len": 8,
  "seq_len": 96,
  "gradnorm_mean": 0.004112861041600506,
  "gradnorm_std": 0.005558545583565929,
  "gradnorm_n": 3,
  "attn_entropy_rel_mean": 0.9732198317845663,
  "attn_max_weight_mean": 0.16285658876101175,
  "attn_n_batches": 3,
  "divergence_mean_sq": 0.02690267004072666,
  "divergence_max_sq": 0.09058873355388641,
  "divergence_n_samples": 10
}