{
  "condition": "C3_shuffled",
  "seed": 2022,
  "domain": "Climate",
  "pred_len": 8,
  "seq_len": 192,
  "gradnorm_mean": 0.003149258622822041,
  "gradnorm_std": 0.003642497229847206,
  "gradnorm_n": 3,
  "attn_entropy_rel_mean": 0.987307051817576,
  "attn_max_weight_mean": 0.14263548453648886,
  "attn_n_batches": 3,
  "divergence_mean_sq": 0.016818327829241753,
  "divergence_max_sq": 0.032126493752002716,
  "divergence_n_samples": 10
}