{
  "condition": "C3_shuffled",
  "seed": 2022,
  "domain": "Economy",
  "pred_len": 8,
  "seq_len": 192,
  "gradnorm_mean": 0.3393084540342291,
  "gradnorm_std": 0.4536611483902973,
  "gradnorm_n": 3,
  "attn_entropy_rel_mean": 0.9658869306246439,
  "attn_max_weight_mean": 0.17437020440896353,
  "attn_n_batches": 3,
  "divergence_mean_sq": 0.06132585555315018,
  "divergence_max_sq": 0.17496263980865479,
  "divergence_n_samples": 10
}